feature_0,feature_1,feature_2,feature_3,feature_4,feature_5,feature_6,feature_7,Class
0.09186474564849363,-0.29626744350888173,-1.8852000520211172,0.253190885077175,1.4990753732651245,-0.7569718559057468,1.2054111932361031,-0.9543160078751478,0
0.08334707099324289,-0.9734467413994762,0.8812847814327686,1.6438400910171316,0.772937535451982,-0.23880884396850377,0.0324922207599565,1.3359876236229922,0
-0.46026340158332313,1.4597318750379402,-1.1354608936981305,1.7253711656992596,-1.1360225941747064,-1.2876399798158347,-1.3136847942301153,2.1541849595376013,0
0.4079250175142854,-2.8325195707762085,-0.12497578635826605,-0.9124997320182118,1.0466353198900298,-0.4754066484396834,0.2892592001254277,1.6064969161004723,0
1.1899113972411677,-1.574979469433024,1.0136757405438634,1.0868047046658185,-0.06815185437191795,-0.5987364363614706,-1.643474482155111,1.5106253381643024,0
-0.6528967724115621,-1.8579920416244045,-1.3777007731168525,1.9488339716418421,0.23017043527061198,-1.7913665312980815,0.8447056335158414,2.954636821180786,0
-1.0553870170924875,0.20330294356907486,1.0584845435303247,-0.9488043796650292,1.8758235454331325,-0.79631557636464,-1.4467920292082592,0.3460274901323914,0
-0.20445497968522458,1.0035665601832853,-0.13525432539369245,1.3651883610484743,1.6214756580665468,-0.2460459806757751,0.7964673782002074,1.700631469200733,0
-0.36047340420459595,0.31747193473109014,0.5114155009299537,1.9153264173879765,-1.6078297960241472,-2.679019420545565,1.2546977776226493,1.9396925016863102,0
-1.0014370765050777,1.3196444944772996,0.1932074227141938,-3.242834664368832,2.8509617364190456,-1.3574662866123064,-3.2155085701699697,0.535056222584084,0
-0.6986048355960544,1.70501414720703,-0.8705171058476889,-0.6213889482362626,0.8821236471914558,-1.3500560154895034,-2.9458221704689738,2.8208084411601044,0
-0.9980298371797204,0.8729191867707867,-0.7634313401500049,0.4390396339851812,1.3450394580153424,-1.3281095187531553,0.7093211281062971,0.9401995168049923,0
0.10052009450816196,1.1919588561171166,0.5877316524799424,-2.4566058554223122,2.4080791876651038,-0.8625461806101895,-0.40081637661148517,-0.6673829890391139,0
0.7795667272403815,1.4820224936157906,-0.986786045739545,0.865501986449312,1.900886089178763,-0.2636609086401537,-1.071620316563605,-0.44157180617415204,0
0.8100623040526913,-1.3687045435596683,1.0751759356684585,-2.2545338950192573,1.293331441456302,-1.3920608536629382,0.3477717594824099,0.7043571116417702,0
-1.6063770056091804,1.0501105961089143,0.7792340343136079,0.3696147968255413,0.1875751425840454,-3.0009554691170446,-1.0779963762748164,0.21433010651692286,0
1.5781068079115141,0.8485620344757479,-1.1700176505989124,-4.93325126936703,3.713259862661253,-1.0988687952055118,-0.2849647905616596,-0.30094070136054096,0
0.20065180395568705,1.3684219544726752,0.36257081502648514,0.1720296883419905,0.17731416828445368,-2.693721130369143,1.0244321538896246,1.285524836043509,0
-0.7090337116647051,1.1619338134560961,-0.510436052426967,0.39741300692584736,0.37377241306593245,-1.7870385704004073,1.5054156450803702,0.39098128897825024,0
-0.6195556750216844,0.766467368111596,0.153831916078257,-2.5232455288796785,1.073372846267675,-1.2216486941509366,0.29787904254644615,0.048493158977920725,0
1.9833862348517115,2.6342220436499586,0.549230796501648,-0.36444943723633205,0.46106062095700473,-0.6268566017472332,0.3992832843930969,-0.7637355921416074,0
-0.5811460454500165,0.5720927784049215,0.02668105711053596,-1.296331271397356,0.6205775547544753,-1.2858032941221322,-0.8864818120727943,0.8606125040862809,0
0.7635911006198558,-1.5184489439647402,1.257059956689093,1.0876091321411028,0.8478718125666368,-1.704263493736776,-0.5289692637433459,-0.03132447622048895,0
0.7775312408149441,1.0125460010538367,1.3758661731839563,0.6912799104928306,1.5206658906563,-1.0147897857378005,2.10930773002247,2.9027820801299393,0
-0.5315569372430567,-0.6839595017990969,-0.8943499126754028,2.909496348269171,0.33741358941273725,0.13751746896596218,-0.24143467230675375,0.6520602947588228,0
1.2277208771391783,-0.8734096340878084,-1.0634020065709509,-0.09936250920766398,2.3525664527965278,-0.9962241154738547,0.9200144344122267,-0.720687756657918,0
-2.038961277005416,-1.1802929395898938,0.18330021210499314,0.8762964492217915,1.340029863376214,-1.2754578815318227,0.29550718411642063,0.6253810502288175,0
-0.7137538562706509,-1.1834061882665312,1.110302361982764,2.3192343146702292,1.881167601791484,2.8715289253171985,3.269392748190381,-0.7288578594659894,0
-0.17186298646329173,-0.20528709148810095,-1.1081645311908017,1.676661057355819,1.0850443487856258,-0.6839925550572103,-0.5741499360746123,1.1882081456478648,1
-0.14822287759177039,-1.412535763421003,-0.8784828365480701,1.13157743619559,0.2299641710269934,-0.46960967193581715,-1.5493932022707728,1.624255028884591,0
-0.2783911708109784,-1.540793042430867,0.6333613148436524,1.262991072427696,1.5324769852909745,-1.1203520580955482,0.7049181920973571,2.4773262729372654,0
1.3697087779697807,0.06526819534255347,-1.155625481668862,-1.5804738380879706,-0.5335343517748907,1.8175781255334755,0.04330293178854128,0.025588579018953395,1
2.1874888293742063,-0.6489138812724988,-1.290364484542836,1.7023307757183015,1.451747511949293,-1.3551893488070001,-1.7486835720525709,1.2782550348878017,0
0.3507851757548093,-1.955276426310101,-0.3036615238739961,0.27152482025327906,0.7899624833987492,-2.5619444551053916,0.6088353083525597,0.11058220761810145,0
1.5687786041028489,0.5222436812480098,-1.328096262433748,-1.7008219699503222,3.1772457305629334,-0.5544799448899388,-2.2308995048279057,0.584254736270966,0
-0.08488981850235336,-0.9614883696555376,-1.2433239284060988,-1.779615531613953,1.8086148101054587,-1.4109449437853274,-2.7217649303493268,1.495780241306913,0
-1.1982833857471582,0.579643229322647,0.8635966592465905,0.11175197317792529,-1.1603540617250894,-2.193366497449542,-1.2439234147541611,2.1383872651653455,0
0.2139038682014817,-1.5402476320310767,-0.18941367098154974,1.8907800005913007,-2.0496333424014783,-0.8277334856527958,-0.046226992582781734,2.275440593600856,0
-1.299116644301067,1.0582070469439075,-1.2222118086729215,-1.7068915880840854,2.389580725462373,-0.5177384597281494,-1.1150278182445519,0.04407517358926172,0
-0.10553005200230739,-0.4395887110317737,-0.1843566507170958,2.190162939158768,0.11680274629367371,0.8143253287228114,4.055705753674478,1.1068427757291897,0
-0.23769512468964085,0.9808534491374752,0.19223476419523094,-2.123308144826818,2.631210072023643,-0.8178070745401474,-1.583738842274685,1.0567029064353142,0
-1.9361153136786216,1.028682610696392,0.12584696961935726,1.5984988723368276,1.056372594706227,0.024051126239624798,0.9433341988491969,0.36643774227216774,0
-0.7234628088702879,1.5475700950289262,0.1207568061894677,-0.2652053320770482,-0.26266023059207244,-0.7653627797623727,1.5595085775318807,-0.5369105488340828,0
0.2686614266837726,-2.1622192209177933,0.10354413863939305,1.1558616669659068,1.851834735004624,0.15225166269592139,1.478842819243138,1.7784838001243717,0
-0.18753412005487335,-0.2218609037953063,-0.9425653914430656,0.5427122875032331,1.5983633215491517,-0.8732699976441143,1.3541299773628082,-0.49175771849787675,0
0.05162637671120796,-0.6500166686704533,-0.20572759082797323,-0.4125360326059251,0.46752122559918285,-1.042851457528621,-0.8846619298259765,0.5061449878780695,0
-0.5356133384254117,0.5150426732761878,0.8566171046256775,0.7560256166593897,0.16173054915977003,-2.412540129989779,1.6186650635152682,2.6970598797165115,0
0.0437797627138891,-0.3271181965888122,-0.25584113690309174,-1.3522668617491655,0.15472003981006088,-1.7833151487062975,-0.9691619983984392,-0.1449839305627465,0
1.5682397589196513,0.8075309998188095,1.2903681221946703,-1.3345395869183028,1.8334319598965387,-0.5897926313469422,-1.743512929871525,2.798630341391224,0
-0.2657695864939831,0.5280683677462349,1.4334224198251682,1.1930980073612127,2.3185403474401345,1.3323072480788594,3.431212292148371,0.9953074236436481,0
-0.7490314709550956,0.8205554190063729,1.21737356975163,-1.5894069086514275,2.2247668190808767,-0.4497825890986916,-0.7639694625424879,1.9817483022526443,0
-2.240049898519503,0.9926885389127922,-0.49836239219244655,0.8489979589983002,1.4031843781987081,-0.9503757310360547,0.31826444196552983,1.1949213956836382,0
-0.6493916937437452,1.1115786571319681,0.7720947889752895,-4.400219652218703,4.452315862702724,-0.5742045032614884,-2.230483367555265,0.945145289143882,0
-0.1409279142776198,0.18966087706342083,0.3165403266086319,-1.4297926530938796,0.7387839050702318,-0.9789580599604452,-0.7829365610606318,3.309968127852941,0
-1.0328692285870538,1.125587771040344,-0.8584499403746859,1.8265802094533128,0.5217316511817588,0.5907859710639418,2.5151227870520554,-1.1951102946885281,1
-0.7337879737853639,0.34753037615807447,0.03606339146962743,2.9404404957519388,-0.8733047674596119,0.32321421813429985,2.524058150912807,2.4888640277584875,0
-0.060288991391611785,0.7741314616193651,0.4547951696423805,0.5767742736190884,0.8774310447313445,-0.7435796358063945,-2.2469157823214196,1.0924861031850048,0
-0.3761323809741358,-1.0182496443282278,1.7492242025271545,-1.8159615845986141,1.9225749394177125,-1.0862559492502104,-1.0062110626623546,0.23772577613772727,0
-0.2846830356725835,0.13977696976623552,-0.4381098242435948,-0.13349765908688194,-0.05181235253399552,-1.6261967978986271,-1.1446864425326382,0.7359121332626362,0
1.8021648084314457,0.4803046530132987,0.3831002120732203,2.4934909284457096,-1.9754923961003508,-1.0070225871211491,0.10763192642144848,0.7454645659006367,0
-0.7791516519282973,-0.8862203436094058,-0.19433154542032846,1.778310271495148,-0.17701207390243368,-1.3980988879630454,1.149204937503907,1.9237487298161415,0
-1.3255099116824065,-1.0262196387450275,-0.5507211956955113,-0.4094261737786219,1.0032750748320052,-1.0241107230321347,-1.8501872911034494,0.9121262080431292,0
-0.4924460743305178,-0.08675575054894435,0.015807544111839433,-2.385821693777152,2.278158391427266,-1.1214555746260702,-1.0071066517273664,-0.3241967782769395,0
0.2650560448403119,1.1487334829294389,-0.04502682282886669,0.7760021426174807,2.0663540001653997,0.26108186282678036,2.1812870042806694,1.8876793973218065,0
0.38153856258933105,0.058351004285477494,0.6365963258218292,1.4208234358917318,0.3159864852339529,-2.0152711672178016,-1.9210166405110694,-0.9033793694764363,0
-0.7420061356576401,1.2745918752935148,-0.41796350383864467,1.850418538597661,-0.4304731741094876,-0.5721214196473272,-0.2942044956663714,1.6287362625958912,0
0.40787678237532143,-1.4004195603307676,0.4525314363594847,-1.0602024688539033,0.9437433315130843,-0.4215895987027295,0.9268194064021724,-0.27731869110409035,0
0.9955324690830808,-0.07421097854939082,0.8160728433938479,1.4080165721687776,-1.509049283683321,-1.3002611888247932,-0.34655978364152784,2.0343830979933504,0
2.7308672332235675,-0.1804897889316338,0.37735070276322974,1.189779029977681,1.8159538011830252,0.2904355820947089,4.754654094923407,3.2247420585826814,0
-0.0833842752742931,0.19732726259521088,0.1856925897410594,-0.5865207491938195,-0.07334871763044348,-0.9558214153938731,0.09632915835755296,1.5325890305769352,0
-1.5150953429556504,-0.8684410292521488,1.2177484856512002,-4.08466245134761,3.416764011731768,-0.28464259534660297,0.17240076595605203,0.8564468200404258,0
0.0090381865123073,-2.140265878777979,1.0648767392902379,-3.516696455378922,-1.5705127585799077,-1.9271450824428218,2.0340262983558057,-1.1267079168186012,1
-0.4668031186925292,1.0055352259745598,-0.6680706520977705,-1.6270634104142148,-0.6334249151250393,0.7444150169016976,1.8339722162500922,2.275324482493824,1
-2.3091837312848655,1.0819420597408491,0.15705360540145066,-2.302133316811021,1.8738747060147234,-1.1325396429446313,-1.3039146445045378,3.0116528352328387,0
1.9606912721610468,-0.44791447968698456,1.1273582431747582,2.130635147617002,0.6569346177452489,-0.08831689339122939,0.4833940128130747,0.4035392367368176,0
-0.6694101948325517,0.006868254939036984,-0.2049350378132454,0.3292235782388391,0.8047732465631217,-2.458481892572383,1.8547993083454108,1.7005740336244797,0
-1.2120898919382652,0.2726977935299349,0.834232665740161,2.1335243944811886,0.9038130032763408,-0.20287853727939986,0.29147871790166047,0.5227783593069752,0
-2.144802702550238,1.0489699425911703,0.5328333007968004,0.07403053506624424,-3.3719103574359077,1.544470470722601,0.7265696697951798,1.8843979279576408,1
-0.3958287807316623,-0.7431342647679838,-0.17962400023523706,0.4796271009466262,0.5274927116254213,-1.2476264268052015,-2.8186278932240096,0.8823685267130487,0
-1.717794095808261,0.8103450155363101,0.2848686434904174,1.0691275004767555,-1.2869131743404463,-1.9043428795067667,-2.7178032641123497,3.18939312605682,0
-2.3912744310241485,0.4541831671898381,-0.07487593820648959,0.4027711546990589,1.0776319557797003,-1.089399880185492,-2.376781992928799,0.6360708693900445,0
0.715658244757891,-0.5938401622466388,0.4213798110980826,2.6126908655464547,-0.909175269831322,0.09995652340979078,1.2541469275214063,0.873085314309969,0
0.4939518719937205,-1.824724046900739,0.9614216853675427,3.331440359668865,1.4775774746811188,3.171014467850548,2.063695973423525,-0.5625214849709976,0
-0.15959456182499593,-0.22626087117375152,0.9449716653887317,1.7248410835782506,0.3226841996892629,-0.3499934610444111,1.0997949806453744,-1.140900137521095,1
0.19597503386460266,0.8886627535509601,0.3169794177734066,1.3724871990378573,-0.06237405943598717,-0.7192632468082767,0.6794796531227918,0.24259356398446508,0
-0.2149103551500782,1.6643170981246351,0.2767934493252883,0.38787683462877864,0.3383515759176189,-1.5195803102508125,-2.647773328700375,1.91506719636561,0
-1.4126684181710272,-0.15060591943684326,1.2133164091856419,1.1644510529779124,0.9283866680966724,-0.05211036720234907,4.322694763114564,3.553969184648501,0
0.4216844682644445,0.7505868538357765,-0.43522223280062844,1.251777210916489,0.37336095853468676,-0.662727400925522,0.29849534965825286,0.2939252734898594,0
-0.642757302948558,-1.1082574618159868,1.7015210704207346,-3.7016155768445755,2.8864134258192777,-1.5839282152060763,-1.5822242569148488,1.2096845240917309,0
-1.8037814217781782,-0.09343407091699951,-0.354987284113288,1.7407380111341966,3.0432347055481217,1.8354651308110066,0.19040185980548774,-0.13101462171524925,0
0.2690240681375333,1.3867580661311534,0.2436370470275211,-2.19373383301736,1.5201064037727678,-1.006124061502577,-0.30651724120404233,2.578076295085464,0
0.5458171745620152,-0.5652847763990818,-0.8398808965107355,2.536446308780238,0.6152596749926482,0.07646736496923823,0.5624370632475376,-0.03429243653719438,0
-0.4947809457668834,-0.5280369978529553,-0.2942648717935566,0.2682514290332896,0.5900286558330978,-1.0836088002131077,-1.6651729849894172,1.1246057860457512,0
-0.37059052307245194,-0.2730197607260194,2.1038060921274098,2.0067105008549273,-1.7501348733720912,-1.3638762229726882,-2.301029961313571,3.23013254108937,0
-1.0173239077974048,-2.035530842817873,-1.615366451276726,-1.4258823347316885,1.2021719475410704,-1.048435139681275,-0.027992506617595003,0.5257291572373074,0
-1.7339835294173527,0.7589386001219477,0.20672404724499435,-0.026476068246657825,0.5140588760936542,-2.891813547554608,2.217990802106831,1.4714817319956917,0
-0.1918214582066392,0.11772121738091015,-1.2191146113192166,0.25044573362737643,0.624377579376362,-2.464472946047345,1.1803922550397106,2.6910301978710924,0
-0.40996050385277344,1.1453891885473528,-0.7470780793016416,2.670881786116631,1.8121001003187667,1.811553078216225,-0.3925436280415604,-0.012788271876878587,0
0.6769663873395375,-0.9362886324067723,-2.273496259115304,-2.0025422853691843,1.8691005267883662,-0.9647851993207995,-0.757187870872782,0.38379891044611003,0
0.4146985287308868,1.1658060192083854,1.4919196463452724,1.3114207071557398,0.7523893692402186,-0.45566337595885564,2.200118919663711,-0.3421450816644718,0
-0.744784206726527,-0.6455694286484754,-1.6970973849862518,-0.3531970356807985,1.5915749434921855,-2.3744292708868016,1.2382213885333888,0.5828975881902312,0
-0.3894015430301985,-1.1030234554704978,1.5909049049045176,-1.5505835675927888,0.6606412722303991,-2.017512045104602,-0.3194160462147464,1.2466629247745002,1
-0.8881478957273766,1.5213984978319222,-0.3068811486873728,1.2506660335728315,1.2962634973126774,1.0081527983919014,3.2669815424115427,-0.44254711191536056,0
0.9886691693580026,0.6702198972773387,-1.3514457648919713,-0.9046111244578758,-0.21959197971095357,-1.2312218648335862,0.4492996003880876,0.9016566290802664,0
-0.5267554326549905,-0.38647671725197413,0.6593805861869515,1.0189631703693607,0.3131428675830985,-1.2710655640529223,0.2906236315228784,-0.8728745252233134,0
1.3972264225587627,-0.6472406379880465,0.057013136371051244,-0.2538229285265676,1.5865272052250685,-1.0766753240008795,2.8826993572158863,1.7280440514153919,0
-0.812727956918432,1.2477568340762155,1.4985825720118682,-0.4594697822889452,0.09128492060533733,-1.0751882780110344,-0.9218740354994517,1.4440867778717554,0
1.93470599843339,-0.639764527444133,0.069746848841049,-0.760806561863161,1.8783790685047932,-0.8739647342746554,-1.4327531881553004,2.206326333162666,0
0.2552733874135629,-1.4480563720406896,1.0458967154958694,0.425870936435101,1.3662762327066225,-1.810426319993478,-0.4593416926141163,0.5319277788108299,0
-0.15348427895585648,1.1466239165619274,1.3872574110525957,-2.64351518426112,0.7932730616205848,-1.7109510946509254,-0.22240841668014377,0.666829242183896,0
-0.4020667445166706,-0.5091952404854638,0.5242646776431689,1.2267701627646528,0.8099246316866913,-2.7700372691969166,-0.18321241343851957,3.1912956943363455,0
-0.13251667954189647,0.02313872309816787,0.0788960965985086,0.11275448234983199,1.0094321800730695,-2.580126830310773,0.19057305444402683,2.8463607820566996,0
-0.36623153931826163,0.011141563048757437,0.44388023021743567,-2.313621496122651,2.8149933978025796,0.40503341655890934,-0.47373036644333943,1.7748621135882674,0
-1.8356576328620369,1.5856464928857328,1.1712457893215436,0.8638467206134601,1.3961889766318007,0.3837646281229006,2.2093634338257466,0.24074563398590343,0
1.087464174031497,-0.4226335607215581,0.9241618238559027,-0.9130947359039746,1.8160548405678707,-0.8191887738179362,-1.0540165038927534,-0.9138639746235999,0
0.16274441484639593,0.5487082679850316,0.041379052585847835,-4.876295754974487,5.171233584341054,-0.5777488687057386,-2.5118235718503588,-0.32300016370578355,0
-1.2758320865699382,-0.5677057842186854,-0.030144269520851127,0.9650753187248806,1.0455668373334148,-0.6410310656068015,2.571807496828228,1.7051652628493734,0
0.3428151624026237,-2.209151619088701,-0.8322938831181725,1.3025417663840304,1.1086563830002185,0.17081071443244777,1.5330382743884892,0.07661374109286445,0
-1.7438481166328978,-1.5253190902334557,0.1190184060539747,2.3117075250344685,-0.4852514489146078,-0.691815966696947,-1.3564957287332224,0.7127385460170106,0
0.14486766465755532,-0.7082884626016631,-0.6147728651569183,1.6498013960919224,0.5178322519416985,-1.6396908671366255,-0.6837412051049563,0.48979067579664126,0
-1.1854623535951,1.5203392373095028,0.5209681655748287,-2.00022452569282,2.5901835796444006,-1.3025013411773734,-2.9276185005373416,-0.392257041016006,0
-0.26971853155733616,-0.33689782558349113,1.193956259988278,0.0655347826345628,1.5170360016548092,-1.8085522042681206,0.26083737867136236,-0.3852670729906973,0
0.47097850370678035,1.840217134841991,0.8456015144669514,0.9539248649953698,-0.18922975746444326,-2.492668481730541,0.3145101792633811,0.7286451845272852,0
0.07747371873722987,-0.6133608125182829,1.5135979746527783,-0.7934518057035456,1.0676291754673306,-1.5231209245577975,-2.6096074273789682,1.8288779476864918,0
-0.8164039861010418,0.06837062931026103,0.19150693879273067,-1.2105675524162856,0.5882928020777529,-1.6658398913781542,-0.9738397862784757,-0.42669429297985184,0
0.8858031376017194,2.1052024012080106,0.2300095237628365,1.0408630011240383,1.4460199872848198,-1.144986688878344,-0.12101127004147227,1.10234198502948,0
-1.7474530846950653,0.9484463498615354,-0.12804170627461128,-2.215692883891333,-0.5327492189569409,-1.4829247734265452,1.0840499637685737,-0.35335922761763294,0
0.03272449154070758,1.792922591330873,-0.266914712014321,1.2536805549111554,0.5082015826730959,-1.3874977220649025,0.9607519936648311,2.0629649546099964,0
-0.3200919809443903,0.48252404882859146,-0.3966621598219177,2.054025153982474,-1.2711488013504049,-0.4560461102192298,-0.8090453415474277,1.9201109121863102,0
1.5622551319504216,-0.2074775226838726,0.6184883804564755,-0.8109478607232125,2.9937821633341164,-0.6197031599416014,-2.883522797069081,0.8583125773092739,0
-0.73151340389633,-1.0299346709057469,-1.0231955113182944,-4.887287675343778,3.381402901690778,-0.8555023202944789,0.29122906534734216,0.27581962890072065,0
-0.4620960186513983,-1.1466647145209035,-0.045970007917145186,1.5269301335540633,0.8206915076935681,-0.7383843368312462,0.4109966366212673,1.819240287669756,0
-0.662130845467599,0.3388146008107369,-0.5978083864853595,0.09727369566918553,-0.022503419787397894,-0.6041723034025258,0.2588425325151238,2.337715034660067,0
0.189092493839052,0.7821826079557601,-1.1053533175527916,0.0709227711476138,1.9910974047033099,-1.099852683373145,2.0665101389774057,1.6758133257188064,0
-1.261454833655109,0.06111560936738784,-0.865039226348993,1.648890270657028,2.3241069266955123,2.729789861898847,4.724364003801533,1.6000404285407062,0
1.2438529325863146,1.2251323481678744,-0.10302320139721578,1.563372999013695,-0.7410295041247237,-1.5007186469768232,1.2952234371553573,0.504806575518736,0
-0.05888180990272468,0.6024772094394821,-0.6284848638960467,0.13691735891836676,0.5479834927821194,-3.0367500464616968,-0.6276502355818108,-0.8321534421866355,0
2.333244404285301,1.9570636405416413,0.19228267439904112,3.960518150897821,0.5982200737141482,2.9587394279652632,1.725496462946814,1.3518802682421684,0
0.7609047431569078,-1.1631894610536389,-0.19952867332940877,1.8747117897035692,1.5403269786367595,0.5730879528807584,0.48342943613673406,0.0067431235743350415,0
-1.4045642570696417,1.235121821948528,-1.4164976350794674,-0.09334388367664304,0.9515454981182211,-0.7315752941436919,-0.9561701697854829,2.268978289467584,0
-0.6654854146902154,-0.1246177961901297,0.8731694306934659,0.9978495624654709,2.682042332023554,0.772944071946351,0.7851021683572783,0.14200049488897815,0
2.0179079638332387,1.0536123992436601,0.21631688156850074,4.192130199113742,-3.2491848532711716,-0.7437714475630615,-0.2744411028878446,0.05311011081882466,0
-0.005397376361534414,0.5054240932166992,1.0383887557346116,0.39184387023894307,1.0955257169987003,-1.7084297437952327,1.6232256812245287,0.4988797859974381,0
-0.2729753999198351,0.7286847972169158,-0.7775390398449775,2.7895470897853,2.918498047544585,0.9608963387701911,2.436208583164067,-2.5601096661590965,1
0.2709745388461927,1.8078761587991903,0.3041929195534216,0.25498227752265656,2.001489704740888,-1.3485938025527147,-0.48883719928863756,-1.051725649210344,0
-1.0841913910223249,0.7141034997200926,0.4695718183484327,-3.398319162715026,3.251953191242126,-0.06404583681821618,1.9302233728711253,-1.237078568571214,0
-0.6950436601497395,0.5370908330611436,-0.041169476912550004,-1.6490352350072106,1.13167608870033,-1.5521405427654535,-0.8136076327089841,0.017721497340254078,0
-1.400673991118563,0.41767369848378655,0.0143320598441565,-2.202683295019213,-0.2031031320383586,-1.3530293580406147,0.4375849280927433,0.14965266421568957,1
-0.7358039150428299,0.19152096386596482,0.20367208489309827,1.2572602507407344,-0.717361317103282,-2.079619113425472,-0.3418808796564561,1.4113639047476658,0
-1.773504333949613,0.004093007675456265,-0.6903866261386762,0.3322237317293928,0.6144699004695786,-0.4007080280548384,-0.8751973424548106,0.6284691366961487,0
0.10678719347417348,0.030190787210155032,-0.13476857911511902,0.19568988672152843,-0.24751584034194862,-3.9729418003521766,2.6276302961162354,4.00119009547068,0
0.6286252328412164,-0.6956713778482021,-1.2693952066156047,0.8365351831550745,-0.5921632369378187,-0.8183323191042856,-0.11651463611041923,0.9731220315791576,0
1.4323420312175017,-0.2552519421022534,-1.1890112823800345,1.6837966190848128,0.8402817902445777,0.07747400723461295,1.4721590079018452,1.1097587928951882,0
-0.8427425900149415,-0.7252689779610714,0.6397873317955373,0.016383143280925938,1.5791080894193552,-2.39837877329512,0.33934841241893976,0.6991982216707133,0
0.5845726279495681,-1.6263193539615841,0.0038030761231874206,-1.808319216646391,2.409074857030535,-0.6267518292903396,-1.1103436682787498,1.3638023919427735,0
0.33951448381884,-0.9107038230647322,-0.6457713506365684,0.5014121055267156,1.3790165138744412,-2.3966043406514608,0.33382179984390137,-0.0790747953146822,0
0.8033650488211627,-0.9561768831496472,0.033327925665802005,0.34401386172278237,-0.3494637561694143,-1.0215876457004978,-1.566107520411332,2.346149743892891,0
-0.4785672420161137,1.0370472887399296,0.9577276536620096,-1.6900177665721228,1.3386195372053922,-1.362514731036123,-1.0421702271600777,-0.25014841968346024,0
-0.9941800924017872,1.41299475562683,0.3932692234702219,1.99031448955333,-0.6834512418998451,-0.2862855916255629,-0.8188257891000301,1.73411428236182,0
1.5479997539240187,0.19229297814189597,-0.761407543284805,-0.7160421847575695,0.021777353167844127,-1.6196674389398615,-1.2040875172705403,1.3500283032708822,0
-0.6992382172851277,0.542704397976724,-0.49235807399351306,0.12473677554341145,0.5195263607129497,-1.163409817814815,-1.1991606818759095,1.0652461283416421,0
-1.2859547737148262,0.3959356756267731,0.08757821895358911,-2.2458541826398983,1.3843121005982575,-0.8711702235620812,-0.3491690241364489,0.6432902068505937,0
-0.8202413294487015,-1.640266639225316,-0.02402785808060396,0.9137500334526618,0.5521266026070943,-1.4271670276705175,-0.2718219225335192,0.4067516803264103,0
-0.7579922225186737,-1.3441144703631869,-1.5663497329640925,-4.101813892188832,3.0711026523414673,-0.233747293972278,0.5996702400238978,2.351005976765739,0
-0.69435797073338,-1.0078138987374312,0.3299794609568569,-1.8929304821061708,1.4416883332820305,-1.308312759392495,-2.5128122333435803,2.3047337533565955,0
-0.018558005766067587,-0.3991118522027499,1.076146312640013,0.6384234339816208,0.36343272191898546,-3.743676739428745,-1.4492794645614646,2.0323360943045987,0
-0.2696416252968609,0.6411866624110701,1.1069647663026416,0.699878984806088,-0.6011639027641873,-1.1410066859496908,-0.13243313315736127,0.7062978287287447,0
0.7247238578942587,1.6953884584519632,-0.8645657272783016,-1.1889261335569623,1.0675592066475006,-1.0560950770557618,-0.8386105473109093,0.13871175000056346,0
0.42423425971189876,1.4790789734057603,0.1433391676062309,0.9645549253867968,2.3237438094575937,-0.026077460915871042,1.1568851430490583,0.6083429593802341,0
-1.117074142461746,-1.6597555854780628,0.09960575652144064,-1.4744778483372092,0.3252122562979367,-0.8521392816881088,1.6472975772954797,2.6904928877010335,1
-0.6852061978594057,-0.7036545495665113,-0.15155545500997972,0.3567058568924619,0.2500008206352339,-1.2505702160597383,-2.737852345693029,2.2753516672111385,0
0.1543366870644103,-0.18504072266080399,1.71193719581703,-5.53373548470015,4.9064347081123785,-0.4396635159548353,-0.050377704659543165,-0.5704128182816264,0
-1.5396665192733199,0.5289579363925203,-1.4862770299502939,0.8744617777264381,1.516423822594243,1.1322367321111373,3.037690422653202,-0.47239258333753353,0
-0.5693837001481272,0.1053093208790869,0.5684802252745983,-2.3481180535588937,2.62592994672584,-0.13866465718716026,0.5508503173293213,2.3609009644346073,0
-0.031918494643361994,-0.735858449322835,-0.06104342546999568,1.6669667192273556,2.5320262228233403,1.6439051997467158,0.6852603110127058,-0.27064630259884104,0
-0.48657989067380747,0.3389936853092464,-0.7961707046937446,-2.5374697829535386,0.6892527521163785,-1.6139624578716907,0.8624933160651971,-0.06134710492325346,0
-0.563700175057901,-0.20074916355286412,-0.0830336034927732,0.09921120275023543,-0.41459792145893615,-0.757870782206456,-0.2681055323857917,1.63863201056724,0
-1.0890801161478045,0.03786191500895019,-0.15582147432910282,-1.5418039824043483,1.892707052146616,-1.083206164593513,-1.7930573288937826,0.35602887553092366,0
0.9260623778119661,-1.5365236149437833,0.6556014275495079,-0.4692269918866018,1.6479559031231206,-0.9845227697163673,-2.49444928448405,-0.6383551725513943,0
0.7560533220786464,1.981691806400029,-0.06554760678100492,2.0122125937840467,-1.5787348776826127,0.6493304559035569,-0.07852246366300242,2.361576158413249,1
1.4550212227631638,-0.17921047462538878,0.003084126825026962,1.3766269268857128,1.1912834983156841,-0.9063987443415715,0.1310395522182657,1.2594193114823664,0
0.016890716242483676,-0.20945256564907563,-1.4414820616097774,-0.07536869056395379,0.6377343998702959,-1.1787192755861515,-2.3695623257652647,3.4496693648898487,0
0.6532831732495379,-1.8100324032725792,2.68753436569696,1.2089098441348152,0.6928405915593585,0.1297626450010394,2.9892450808849302,0.21821635423197483,0
-0.24141441042020614,1.1011557622472865,0.9519603635098018,0.5671887438801513,0.20546295256693847,-3.095445598800798,-0.6744480974442999,0.4217100975844451,0
-1.6235552380231333,0.49748525730565785,-0.10976950381614235,-0.40516711828324314,0.06203318841150496,-2.3553561891325487,-3.067127876862617,1.3174801978329633,0
0.36512541198301046,1.6022532256069097,0.970941331376861,1.28572900409464,-3.1511243048438704,-2.0694030667883982,0.24572214383790802,0.8342337071674452,0
0.23215594974203504,-0.006351556772868734,-1.2031326020166928,-1.8387066276404738,2.3983703362635724,-0.29650500288820747,-0.8524328951439655,0.8959281149920766,0
-0.1653990181435119,-0.09116911955618714,1.3059699173271888,0.5703279074673475,1.611429418465097,-1.0442095294558251,2.804077180062814,2.826482027155393,0
0.7931693667930979,0.25206034270527783,-0.01653575024762565,-0.3158115712374695,2.0155599189096924,0.2272538647523814,-0.09388527435110439,-1.2961565357538394,0
-0.5922665308251153,-1.5796155074058769,0.4064774772384181,1.9131547787254122,-0.828343533525604,-1.3691067544027382,-2.678775101312645,1.8192743092917414,0
0.08251269932318937,-0.7095722929532247,-0.1613643730095305,1.8135644796980293,0.22611133403550454,0.07854845015743517,1.3936197181530725,0.7199149219890784,0
-0.6879338668371778,-0.35201307485347394,1.4740560524880801,1.4920230707801256,0.9789440072026971,-0.6652455260978027,3.1802505618240673,2.2703786104587977,0
0.005492550243393307,-0.10212844003499932,-0.47570526373119687,0.42353970211724734,1.7356804594105495,-2.8586053069521755,-2.196553332110475,1.2563126449673183,0
-0.427755687046752,0.48342548811460334,-0.2655468380184237,1.2163561036901287,1.5902224894687953,-1.0262876334308944,-0.33006930271717017,1.176326605796476,0
-0.43015663559183687,-0.16134421165179372,0.0495785204847066,2.782508098006655,1.7939632812538564,1.9476291481324353,-0.6896747488956927,-0.9047496969542539,0
-0.29057510309736223,-0.4054100076137785,1.411050901059224,-2.347950257080603,1.8700012422459777,-1.297197445797615,-1.3309782459203863,-0.2205882920486455,0
-1.666610291149916,-2.5583683832571023,0.6902368003802725,-2.432242618818866,2.953753466494484,-0.9400268224301853,-2.6783997125122934,0.27558812037034464,0
-0.6299052547184123,0.7007362851328974,-0.15492460183627646,0.5729420142092327,1.32005559704163,-1.1407991298595248,-0.015019188749073153,0.039015180314924125,0
-1.5884645404175581,0.9703933898468512,0.7929348534931071,-1.3246160994450014,1.477921547174405,-0.6940384443803018,-0.8248889345249351,1.3295030869578313,0
-1.5245212866191742,0.26588629805933295,0.24092499728946865,0.7295049873454396,2.0582099241673317,-0.5689100241089473,-1.835428866645008,-1.55309096276248,0
-1.0120948857975771,0.8098578416370265,0.37657401513912436,0.8033642323452272,-0.3874719481604547,-1.3063895639472138,-1.5200439081045296,1.2131386445013839,0
-2.207750916382569,-2.0678547264359923,-0.22019462700795758,1.2135189652406435,0.7432863878568119,-1.6862371103025322,-2.3230917256777746,-0.44096626175127174,0
-0.9963916891670672,-1.1171413268765105,-0.27987308616602163,0.4106528196379611,-1.472915011716207,-1.08856365709017,0.9447545975998262,1.7102011444823892,0
-0.5299377694624893,0.8415283420397591,0.22462578538901948,-2.958699591064098,2.1295679823339118,-1.230430287168105,-1.1182045452973184,1.9698453545632342,0
0.8308523242793667,1.175283107824049,1.3924721629425727,-0.7717807498399342,1.879338323977292,-0.17249528601089414,-1.4843014451846261,2.092265725579805,0
0.20677477983441644,0.681339503185609,1.4170204129816264,-1.721978622927915,1.2662905263672286,-1.2202121630259433,-0.4875236068509978,1.4968260043670722,0
-1.14553821799892,0.7076364237084876,-1.3633726247211584,-2.0285602810475845,-2.37435358512219,-2.7342370397868634,0.54819548866337,-0.9738635471539663,1
-0.028083865592979814,-0.9474921349737745,0.33523868706994847,2.9637191848431206,-1.4986506532393573,0.8318575900864817,0.3323775872140714,1.4511008287976042,1
1.8192231832997212,-0.23794354734707465,0.03993639721469045,-2.575227268126355,0.9761935036081725,-1.5973716067643458,-0.3582568409673297,0.2314248312247683,0
-0.8639512214208059,0.8991357136874919,0.4283129624734963,1.332476249397224,-1.1221032891379439,-3.5898753190117363,-0.688504408911498,2.351961456471166,0
0.8469970876894585,0.16465515535856898,0.17481776880877767,0.17954260649144183,-0.8275569480105824,-4.390206695474931,0.8052113751581635,-0.4785193161106063,1
-0.6176366093942468,-1.8944730688369646,2.1876498745500195,-0.2814683746671829,-0.6869570450481326,-1.2448124089336476,0.6349590580587081,0.16956552628522847,0
-0.8051092398862925,0.7792738873941635,0.9578822281769765,-3.481949041959689,3.6148782886895967,-0.6907488690335342,-0.6552995827156236,0.03802658316704888,0
0.6503817887212686,0.15013611637138463,-0.9663123857651326,1.4538751636088785,-0.07632231965217628,-2.3239052990131466,-1.5450380098909129,0.7379045477713195,0
-0.7422295201916345,0.2555736537123689,-2.1615603333191933,-1.809359706138851,3.592388256371572,-0.2848807119937723,-2.142772304049337,0.990082109043003,0
-0.49093744987136534,-0.1683082339620694,0.5119240910292749,1.4264145401985129,0.38081248584210725,-1.048529008279984,0.4798060189915676,1.2522814647769738,0
0.04796144598154671,-0.4237764114480308,0.33184386325851556,-2.3422691623822116,2.4277560865949237,-1.4248099327887318,-1.8417920823046985,-1.3441676820777677,0
-0.15382602719836666,-0.019749093534627345,-0.872929676739566,0.6507764921433696,0.2206356758274186,-0.5046495278036431,-0.4917251754839913,1.9940199471878253,0
-0.5977095137330924,0.03257557740856184,-1.5262709967222121,-1.8016614383446035,1.6039768353486905,-0.35097652345545227,-0.0945175236099095,1.0984265035799639,0
1.226405143870384,1.1761751052399196,1.1570963854639587,-0.6124736845335552,2.425841031994107,-1.042486725285745,2.8448253458938373,0.2633944854087984,0
0.7326493607290827,1.2873243901521403,0.8554600086826448,0.5893443147187742,1.9530419848503353,0.15135363380831457,1.9848018679933186,-1.3206825759371914,0
-0.3608914194246071,0.40902805374263734,-3.471429891938383,0.0644613298279122,-0.6073849034996359,-1.5611918448056556,-0.9009160282165894,0.6492367627179648,0
0.10947060404728903,-0.5728720895377487,1.0525289413496632,-1.9620962147259493,1.3012139050255562,-0.6955656027619305,-0.17796604316910747,0.726671795078899,0
0.740590868103047,0.42265506550160375,-0.9521788067393494,-3.359564811574015,3.230324680415211,-0.7283839318520524,-0.36057425964060574,-1.2077770502491583,0
-0.48819699723224685,-0.6637203769797122,1.027421535338774,0.18663210477431358,2.9051718275026768,0.4479723164111935,2.4135512306053575,-2.312621146265471,1
1.1005976067613101,-0.06344606394414584,0.2529368142650801,2.035090795217704,0.5696525493138909,-0.35908885946008284,0.8823479717577056,0.829443994644824,0
-1.652918697838884,-0.8546729449714168,1.2031126464308044,0.2735614987596926,-0.03259821254229012,-2.687911232715769,3.184710344094358,3.913472166226396,0
-0.7900663251352782,-1.1213806380747848,1.1946741443280215,0.07902896041337659,2.0693153463756406,-0.4724008453025538,3.626687070527004,1.6671275568673112,0
2.6781098736383924,-1.9593902260907439,-0.4856511760906721,0.15160387119892527,2.159815896131489,-0.4085196615602038,1.7105823109112053,-0.9928265459897485,0
-0.9732423133725336,0.5679417430751318,0.35918304919208,0.7325563211914037,-0.0008323705732558029,-0.8082040241579076,-0.48460373236119025,0.5934002541744247,0
0.7789797120440013,-0.07737239133277289,-2.409888167106808,-3.3684400813850597,1.7921880687293479,-0.8188838974097222,0.7786878139336104,-0.08870438187352603,0
0.4520333445857688,-0.8943326230884198,-1.2400602924705844,2.4200991002964978,1.252630860967845,1.186507949612241,-1.8085977624292533,-1.2943488343426894,0
1.3787097462633506,-0.7100811190404376,-1.244831238218157,1.6199000180522347,-1.3575000466263258,-0.7004855052112524,-0.13581284949794725,2.939842488008283,0
-0.5465073945087545,0.29798223637745164,-0.5157170699330023,1.0271725784749013,0.4666158918482558,-1.4665408507089994,2.1041590893579283,1.3935619953907756,0
0.9319797549595751,-0.6574321575531379,1.8133439519827754,-0.7723664954656755,1.061385619653541,-1.2865919380467539,-1.8109762487155643,-0.013686585495393366,0
-0.7388028687302217,-1.8333411645064328,0.8899163325651686,1.58141414074823,-1.2697928666011005,2.255313560725164,0.08162982769000049,-0.03783044670210878,1
-1.661243162706422,-0.6627844787943661,-0.8285154361374998,0.2202758540975034,-0.819511418693518,-2.1334182182787806,-2.9425554283480206,1.0142583299072627,0
0.015019226594289363,-0.04168080238989361,0.538061720181809,0.31464978532518106,-0.9544912339475855,-0.8986010643671456,1.009205487085497,1.3261775077575084,0
-1.6032604668159496,0.15040543817616392,0.2475119165762044,-2.955917989586049,1.9345363713891035,-0.9118668187766229,-0.18662213784199044,1.3603345751296274,0
0.2404712493302069,2.715946572312882,-2.4197452474117624,1.890104216016335,-0.22932703152237632,-0.4607530032222067,2.955648775323522,2.3099026695319607,0
0.24123813765534804,0.005810558542450015,0.5212952905957563,0.14348619057209955,1.7610343929574923,-2.0875507908667283,-1.6016618364557256,0.8564852719405773,0
-0.7970028035821819,-0.10755913185890842,1.6714828911820923,-2.155677368110863,1.5702251619997594,-0.6373948126628115,0.4831317646250881,1.820897129981399,0
-0.25325491002521017,-0.9644042546116923,-1.2144592807526615,0.0751464984687994,0.7802708196690119,-2.2946891896812875,1.7014909113035954,0.5647842212323102,0
0.8433726221570585,0.23658175087619732,0.5594490759950371,1.8193886201706384,-1.2315022397243869,-1.7298948946827073,1.8994282268343028,1.6464484309219647,0
0.22395527808973467,0.596442339560671,-0.8053718270503438,0.9068359474889965,0.07839316457696599,-2.3046724424041183,1.5598807995183561,3.4330836745689726,0
1.309472896350713,-1.830768448394866,-0.5681423298343345,0.6339024078664366,-0.2881873034382645,-3.3327026475730612,-1.1997322113155091,1.3715462708871893,0
-1.7201025509478183,0.22857652751789734,-0.5984259353435604,1.6900271830840379,-0.17259001907972604,-1.263699806512273,-3.404228074005102,0.4371708030653475,0
-1.8357112740410206,0.6199263323958049,0.3300650008126215,0.17537969141997878,-0.2329696759932438,-1.164498324357773,-1.2768905796480314,1.3214849064237169,0
0.32570735781319976,-1.2981268850546304,-0.36958552891713703,2.416230472287932,-2.0001041266158652,-0.9577228257582551,-0.5722431055705435,2.4666566186107017,0
2.33416358012704,0.8994649711482459,0.29186176200001496,-0.13633970439747967,0.9544914145622228,-1.6370357681919825,5.946406218635223,3.1591900790439085,0
0.6385178605944855,-0.262978803780678,-0.23676860296405963,-0.3847281792529611,1.8743350279347006,0.10613126135818507,-1.0766737307936016,1.6429097980403888,0
-1.0144188771679996,-0.9654979858290557,0.7828702435813464,1.3355140954074365,1.2021652332774957,-1.050195857588845,-1.0578522600083202,0.06207563860142662,0
0.6765980166158473,0.5400242316169221,-0.5359591454092917,-0.5475173383094334,0.975845529371814,-1.029126478024712,-1.8806402877754234,1.486224457607858,0
-0.5070756155235057,-1.3283149514650507,-1.6684515519110479,-2.5357503000393935,1.356677810863924,-1.0150849545780722,0.19814109518871392,-0.005625688088804148,0
-0.38538332752521576,-0.8643910709141808,0.4204524772475584,0.43521332225518594,-1.1173583303189139,-1.160014809081566,-0.3709124401136106,-0.35518432462195193,0
-1.0024719316058948,1.2497807014036066,-1.1017931979198936,-0.7014773485286043,0.3402627444590478,-1.0604069004636387,-1.2776176985237615,1.1753323809928442,0
1.0844795830730707,0.4801461362223696,-0.5775300935075538,0.2898027673567751,0.7383571055058924,-2.0507016281198265,2.142071225755762,0.9421973236144755,0
-0.6261900322215666,0.9550963794414762,0.015378981372105674,0.03581303538674541,0.027918577280340195,1.6693993849805464,-1.689843507817265,1.4167058516825106,1
-1.1725916088527426,0.3905228975650011,-0.01347182166515796,-0.1525149861287407,1.3705883306453825,-2.5812654001152615,0.6943293290643857,0.9516027961275672,0
-0.5347332475595915,1.4444203881536917,-0.7124941928082376,-2.1820262408361133,2.0639224306888684,-0.4315514744789346,-1.2251789205141121,2.4215503276408277,0
-1.6325584029920932,-0.5484396718269897,-0.1910476899470299,0.5865657557877275,1.2801914558968819,-1.4247110103449792,1.7298325051526842,2.2829506617343256,0
2.141383118511077,0.8307098504960894,-0.7506028975812151,-0.6817751307312951,1.3208162598651454,-1.0166495329645007,-1.083445111187249,0.536563639995662,0
-1.2321423298148326,0.37109405131392204,0.44786174775179377,-1.9962683734693623,1.448892266135178,-1.2247402496080688,-1.1098949619044645,0.04071213352848779,0
0.4092583875972426,-0.3618113392325675,-1.0981454780308466,0.7007661505341778,1.2033235825439217,-0.849011446895608,3.7959062350832444,1.926929460303369,0
0.3590201525559389,0.5347785458050096,-0.9878088345880198,-3.077691453803509,-1.575218546711219,0.7335251370338725,1.9766513958231782,1.70476661198022,1
0.03795043629044597,0.3724346469822128,0.13554459215862996,2.5075865671784268,0.2375568886700521,0.2095141062261403,1.470149841696411,2.0058323095868262,0
0.6086074423567405,-0.219443811644863,-0.4632689556608324,1.3761558303589059,0.4770482248058572,0.13203987079611812,1.9859341737122738,2.657877955647762,0
-1.1338155950868831,-2.6388085002598998,-0.2180358781982199,-0.2930548206920639,0.8433380346451465,-1.2262120056740682,-1.9811796573141942,0.3649130905269212,0
-0.2517306819925051,-1.062297155166374,1.1336234718590492,-2.49405082351619,1.0466463477594206,-1.6161619750849692,-0.5236076043055722,-0.6756986445360511,0
-0.7683649473140721,0.09499375135630458,-1.4461280325601622,1.0296987707053258,1.0393357222277275,-0.9576590728891545,1.2920262845515427,1.7083639511593436,0
0.4886919527092181,-0.6931868272364192,-1.8193079286647236,2.1716926969588957,0.9950198172641271,0.11842132930992233,-0.9041094247486217,-0.9349814794688256,0
1.5728146409171813,-0.21915601971306176,0.25045240772777744,1.4486705304351417,0.21485743389715206,-2.167998902675217,0.0011570277664978423,2.9539246525490936,1
-1.316748846822057,0.6674607816393121,0.723610587228875,-0.2118250329892697,1.568464671044313,-1.9986334232142382,0.8515132747533471,0.10851717384237292,0
0.9825734636277772,0.8338073391593647,0.6563608698285485,-0.32315295382505704,2.1276954570075537,-1.1168584803553445,2.2701295088655704,0.7126745733295321,0
0.6971028559082724,0.5845032161193091,1.182453826605304,1.2838743140153535,0.5828588335014293,-0.6129478100335369,0.09157452435750657,0.7564434872455487,0
0.9024692225017834,0.7343046755614968,0.2144508339716411,-0.274425349349531,0.12185425161768448,-3.3449601614340363,-0.6288121778619091,0.06331182769592958,0
-0.4107086591024168,-2.0296738677395822,-0.6627137718629301,2.5656907780742944,0.6061525765390063,1.3799422883253367,3.295289093743479,1.5853411220425562,0
-1.7048785541323237,0.14082842652774988,-2.276991207533051,0.33756785427965097,-0.3838247949122997,-3.447968399032467,0.43801397525672026,1.376148353425411,0
0.33503712526246754,1.0037095238106777,0.007964282647330446,-0.4513724083106252,0.9732777132663489,-2.3106991819029137,-0.7889536085447708,-0.45729704238086333,0
0.6111436546495426,0.10704238207871382,2.2908839240787624,0.7837734434084493,1.3082851003127225,-1.5420788914575325,1.9316978652711776,2.4241309978844665,0
0.5383240223969266,-0.4790510573617538,0.18424791394410256,-0.3708781026660666,1.0657085993639717,-0.8036743794603702,-1.1773997504728664,0.7605332172258366,0
-1.6288901835745146,1.891387849550339,1.272487446598739,1.4814558445005457,0.8787055183712477,0.56114790284269,2.4739582402798588,0.9735011294745916,0
-1.6173629501085678,0.15705458140944115,-0.7166398700522447,-1.0635508960329771,0.6466934351346576,-1.0528612765810812,-0.5532725569259751,0.34554806366839164,0
1.7691167002632864,0.2801213889694491,-0.3617630688368137,0.48139493351623597,1.404103481917835,0.02183994710617343,4.8465020117022215,0.825839189370932,0
-1.113054427063712,1.7495813052724989,1.2218005525188131,1.961228489047043,0.7616831291148933,-0.7477644536161079,-0.6187893694427402,1.6614407761078605,0
0.9375601222047649,0.08796882105283044,0.6336115405758314,-0.05107641088507253,0.28325288787905223,-0.5804678802706197,0.3802022879607838,1.7178632542013106,0
1.5313237445794692,-0.5423723214387958,0.9212476849103453,-0.5305850613686598,0.8549074196793893,-3.018361724440815,-0.9191317354515336,0.5319093430490621,0
0.44965590662585037,0.21181707897447793,-0.7670545065706765,1.902828511557205,-0.04451407561501508,0.20265500785138268,0.7335509453937897,-1.0110738560308263,0
-0.7454734920621153,-1.0945865395529288,-0.9438507054237175,0.8295564159135758,2.3414663041014556,-0.24850035180815744,-0.3938642573632982,0.176702313389817,0
-1.6054650897190463,1.677462930312606,-0.43900595087122857,1.50482153472597,0.08281346595069916,-0.6323086431144729,-2.031107542926243,3.12194073313129,0
1.163508767954987,0.6419305349615512,0.2651555272988874,1.4446279644440638,-0.5312994025111946,-2.457488742052361,1.914678691089494,2.9603281307058134,0
0.709641290505807,-0.36879593667783545,1.2656295355856315,-1.7194278893642383,1.4534688014414199,-1.441864580423317,-2.2216705854337553,1.0538663551415195,0
-0.6493313119203942,-0.46710340679077605,0.08312246565668001,-0.42396394350842037,2.8918164581415526,-1.1455847214450052,1.4262976682709358,0.6160428838536913,0
-0.30080331221692885,0.9970937554945338,1.6149768189111484,0.889267914370306,-0.562849547720655,-0.870875002635588,-0.11380619907933298,0.9640252013845431,0
-0.43223783916462677,0.5410567634926378,-0.1633208072838984,-1.1933283537493966,0.1342171250561187,-1.0298986883460692,0.7129513489334238,-0.25002608358539713,0
-1.0388597897868805,0.16491014342655733,0.13571859054799862,1.324907470034094,0.2297710688522705,-0.17863522197953163,-0.8814594711677051,1.6430230484670312,0
0.0301615725351249,-2.402753934899687,-0.25658793018217363,1.1740906693055388,1.5608946163614879,-0.2261208825447728,0.9462570452583745,2.471808455880731,0
0.8313492670632543,0.7720215620034229,-0.18147832957919605,1.2399237868932578,1.217887300070289,-0.7044857364882297,-1.5889245255935474,-1.032814288255599,0
0.22898242506107808,0.9039227507368559,0.23957654036320872,0.7612280184945431,1.4111821384615508,-0.3976084282396287,1.9687764191544117,0.8885418057002146,0
1.188145734706984,0.7653902141704337,0.5367436230124615,0.701927221180726,0.433715477628155,-4.456795832296167,-1.309276417194607,3.1930883568060415,0
